{
  "combo": [
    {
      "x": 234,
      "y": 265
    },
    {
      "x": 234,
      "y": 441
    }
  ],
  "combo_100": [
    {
      "x": 234,
      "y": 265
    },
    {
      "x": 234,
      "y": 441
    }
  ],
  "gleam": {},
  "counter": [
    {
      "x": 262,
      "y": 220
    },
    {
      "x": 262,
      "y": 396
    }
  ],
  "counter_100": [
    {
      "x": 262,
      "y": 220
    },
    {
      "x": 262,
      "y": 396
    }
  ],
  "announce_bg_1p": [
    {
      "x": 260,
      "y": 20
    },
    {
      "x": 260,
      "y": 196
    }
  ],
  "announce_bg_2p": [
    {
      "x": 260,
      "y": 20
    },
    {
      "x": 260,
      "y": 196
    }
  ],
  "announce_text": [
    {
      "x": 465,
      "y": 80
    },
    {
      "x": 465,
      "y": 256
    }
  ],
  "announce_number": [
    {
      "x": 340,
      "y": 60
    },
    {
      "x": 340,
      "y": 236
    }
  ],
  "announce_add": [
    {
      "y": 56
    },
    {
      "y": 232
    }
  ]
}
