{
    "crown_fc": {
        "x": 20,
        "y": -30
    },
    "crown_dfc": {
        "x": 20,
        "y": -30
    },
    "crown_clear": {
        "x": 20,
        "y": -30
    },
    "song_count_back": {
        "x": 470,
        "y": 125
    },
    "song_count_num": {
        "x": 475,
        "y": 125
    },
    "song_count_songs": {
        "x": 600,
        "y": 125
    },
    "s_crown_dfc": {
        "x": 473,
        "y": 175
    },
    "s_crown_fc": {
        "x": 473,
        "y": 175
    },
    "s_crown_clear": {
        "x": 473,
        "y": 175
    },
    "s_crown_outline": {
        "x": 473,
        "y": 175
    },
    "ex_data_new_audio": {
        "x": 458,
        "y": 120
    },
    "ex_data_old_audio": {
        "x": 458,
        "y": 120
    },
    "ex_data_limited_time": {
        "x": 458,
        "y": 120
    },
    "ex_data_new_song": {
        "x": 458,
        "y": 120
    },
    "ex_data_new_song_balloon": {
        "x": -5,
        "y": -85
    },
    "difficulty_bar": {
        "x": 458,
        "y": 210
    },
    "difficulty_bar_shadow": {
        "x": 458,
        "y": 210
    },
    "star": {
        "x": 474,
        "y": 490
    },
    "star_ura": {
        "x": 482,
        "y": 471
    },
    "yellow_box_bottom_right": {
        "y": 543
    },
    "yellow_box_bottom_left": {},
    "yellow_box_top_right": {},
    "yellow_box_top_left": {},
    "yellow_box_left": {},
    "yellow_box_right": {},
    "yellow_box_bottom": {},
    "yellow_box_top": {},
    "yellow_box_center": {}
}
