{
    "back_graphic": {
        "x": 498,
        "y": 250
    },
    "back_text": {
        "x": 23,
        "y": 35
    },
    "back_text_highlight": {
        "x": 30,
        "y": 131
    },
    "background": {},
    "folder_texture_left": {
        "y": 95
    },
    "folder_texture": {
        "x": 32,
        "y": 94
    },
    "folder_texture_right": {
        "x": 64,
        "y": 95
    },
    "folder_clip": {
        "x": 4,
        "y": -6
    },
    "folder_top": {
        "x": -64,
        "y": 94,
        "x2": 221
    },
    "folder_top_edge": {
        "x": -111,
        "y": 94
    },
    "folder_text": {
        "x": 650,
        "y": 125
    },
    "folder_graphic": {
        "x": 470,
        "y": 180
    },
    "folder_background": {
        "x": 18,
        "y": -70
    },
    "folder_background_edge": {
        "x": -5,
        "y": -70
    },
    "folder_header": {
        "x": 640,
        "y": -68
    },
    "folder_header_edge": {
        "x": 608,
        "y": -68
    },
    "genre_overlay": {
        "x": 12,
        "y": 16
    },
    "genre_overlay_large": {
        "x": -138,
        "y": 16
    },
    "diff_overlay": {
        "x": 12,
        "y": 16
    },
    "diff_overlay_large": {
        "x": -138,
        "y": 16
    }
}
