{
  "bachio_l_in": {
    "x": 701,
    "y": 187
  },
  "bachio_r_in": {
    "x": 759,
    "y": 187
  },
  "bachio_l_fall": {
    "x": 701,
    "y": 187
  },
  "bachio_r_fall": {
    "x": 759,
    "y": 187
  },
  "bachio_l_out": {
    "x": 701,
    "y": 187
  },
  "bachio_r_out": {
    "x": 759,
    "y": 187
  },
  "bachio_boom": [
    {
      "x": 579,
      "y": 257
    },
    {
      "x": 909,
      "y": 257
    }
  ],
  "fail": {
    "x": 629,
    "y": 217
  },
  "clear_separated": {
    "x": 639,
    "y": 217
  },
  "clear": {
    "x": 639,
    "y": 217
  },
  "clear_highlight": {
    "x": 639,
    "y": 217
  },
  "clear_separated_highlight": {
    "x": 639,
    "y": 217
  },
  "full_combo": {
    "x": 589,
    "y": 197
  },
  "full_combo_highlight": {
    "x": 589,
    "y": 197
  },
  "full_combo_overlay": {
    "x": 589,
    "y": 197
  },
  "fan_l": {
    "x": 400,
    "y": 197
  },
  "fan_r": {
    "x": 1020,
    "y": 197
  }
}
