{
    "overlay": {
        "x": 532,
        "y": 98
    },
    "difficulty": {
        "x": 289,
        "y": 129
    },
    "judge_good": {
        "x": 817,
        "y": 186
    },
    "judge_ok": {
        "x": 817,
        "y": 227
    },
    "judge_bad": {
        "x": 817,
        "y": 267
    },
    "max_combo": {
        "x": 987,
        "y": 186
    },
    "drumroll": {
        "x": 981,
        "y": 227
    },
    "judge_num": {},
    "score_shinuchi": {
        "x": 554,
        "y": 236
    },
    "score_num": {
        "x": 723,
        "y": 252
    }
}
