{
    "overlay": {
        "x": 532,
        "y": 98
    },
    "difficulty": {
        "x": 289,
        "y": 129
    },
    "judge_good": {
        "x": 817,
        "y": 186
    },
    "judge_ok": {
        "x": 817,
        "y": 227
    },
    "judge_bad": {
        "x": 817,
        "y": 267
    },
    "max_combo": {
        "x": 987,
        "y": 186
    },
    "drumroll": {
        "x": 981,
        "y": 227
    },
    "judge_num": {},
    "score_shinuchi": {
        "x": 554,
        "y": 236
    },
    "score_num": {
        "x": 723,
        "y": 252
    },
    "high_score": {
        "x": 555,
        "y": 225
    },
    "high_score_num": {
        "x": 720,
        "y": 260
    },
    "mod_doron": {
        "x": 440,
        "y": 320
    },
    "mod_abekobe": {
        "x": 406,
        "y": 320,
        "controllable": true
    },
    "mod_kimagure": {
        "x": 372,
        "y": 320
    },
    "mod_detarame": {
        "x": 372,
        "y": 320
    },
    "mod_baisaku": {
        "x": 338,
        "y": 320
    },
    "mod_sanbai": {
        "x": 338,
        "y": 320
    },
    "mod_yonbai": {
        "x": 338,
        "y": 320
    }
}
