{
    "bottom": {
        "x": 5,
        "y": 815
    },
    "top": {
        "x": 5,
        "y": 720
    },
    "mod_bg": {
        "x": 35,
        "y": 815
    },
    "mod_bg_highlight": {
        "x": 35,
        "y": 815
    },
    "mod_box": {
        "x": 45,
        "y": 819
    },
    "background": {
        "x": 5,
        "y": 815
    },
    "1p": {
        "x": 90,
        "y": 755
    },
    "2p": {
        "x": 90,
        "y": 755
    },
    "mod_auto": {
        "x": 45,
        "y": 819
    },
    "mod_baisaku": {
        "x": 45,
        "y": 819
    },
    "mod_sanbai": {
        "x": 45,
        "y": 819
    },
    "mod_yonbai": {
        "x": 45,
        "y": 819
    },
    "mod_doron": {
        "x": 45,
        "y": 819
    },
    "mod_abekobe": {
        "x": 45,
        "y": 819
    },
    "mod_kimagure": {
        "x": 45,
        "y": 819
    },
    "mod_detarame": {
        "x": 45,
        "y": 819
    }
}
