{
  "background": {
    "x": 242,
    "y": 30
  },
  "back": {
    "x": 295,
    "y": 132
  },
  "back_outline": {
    "x": 295,
    "y": 132
  },
  "box": {
    "x": 388,
    "y": 132
  },
  "box_highlight": {
    "x": 388,
    "y": 132
  },
  "box_outline": {
    "x": 388,
    "y": 132
  },
  "box_diff": {
    "x": 388,
    "y": 92
  },
  "box_text": {
    "x": 388,
    "y": 132
  },
  "box_text_highlight": {
    "x": 388,
    "y": 132
  },
  "star_select_text": {
    "x": 412,
    "y": 50
  },
  "star_select_prompt": {
    "x": 412,
    "y": 50
  },
  "star_limit": {
    "x": 455,
    "y": 105
  },
  "level_box": {
    "x": 356,
    "y": 160
  },
  "diff": {
    "x": 414,
    "y": 170
  },
  "star_num": {
    "x": 734,
    "y": 175
  },
  "star": {
    "x": 435,
    "y": 260
  },
  "pongos": {
    "x": 492,
    "y": 400
  },
  "small_box": {
    "x": 292,
    "y": 405
  },
  "small_box_outline": {
    "x": 292,
    "y": 405
  },
  "small_box_highlight": {
    "x": 292,
    "y": 405
  },
  "small_box_text": {
    "x": 292,
    "y": 405
  },
  "small_box_text_highlight": {
    "x": 292,
    "y": 405
  },
  "stat_bg_1p": {
    "x": 25,
    "y": 156
  },
  "stat_bg_2p": {
    "x": 25,
    "y": 156
  },
  "stat_overlay": {
    "x": 25,
    "y": 156
  },
  "stat_num": {
    "x": 130,
    "y": 280
  },
  "stat_num_small": [
    {
      "x": 206,
      "y": 346
    },
    {
      "x": 206,
      "y": 392
    }
  ],
  "stat_num_star": [
    {
      "x": 166,
      "y": 327
    },
    {
      "x": 166,
      "y": 377
    }
  ],
  "stat_diff": {
    "x": 36,
    "y": 195
  },
  "stat_starx": {
    "x": 110,
    "y": 195
  },
  "stat_recommend": {
    "x": 25,
    "y": 156
  },
  "stat_prev": {
    "x": 25,
    "y": 156
  }
}
