{
    "background": {
        "x": 242,
        "y": 30
    },
    "back": {
        "x": 295,
        "y": 132
    },
    "back_outline": {
        "x": 295,
        "y": 132
    },
    "box": {
        "x": 388,
        "y": 132
    },
    "box_highlight": {
        "x": 388,
        "y": 132
    },
    "box_outline": {
        "x": 388,
        "y": 132
    },
    "box_diff": {
        "x": 388,
        "y": 92
    },
    "box_text": {
        "x": 388,
        "y": 132
    },
    "box_text_highlight": {
        "x": 388,
        "y": 132
    },
    "star_select_text": {
        "x": 412,
        "y": 50
    },
    "star_select_prompt": {
        "x": 412,
        "y": 50
    },
    "star_limit": {
        "x": 455,
        "y": 105
    },
    "level_box": {
        "x": 356,
        "y": 160
    },
    "diff": {
        "x": 414,
        "y": 170
    },
    "star_num": {
        "x": 734,
        "y": 175
    },
    "star": {
        "x": 435,
        "y": 260
    },
    "pongos": {
        "x": 492,
        "y": 400
    },
    "small_box": {
        "x": 292,
        "y": 405
    },
    "small_box_outline": {
        "x": 292,
        "y": 405
    },
    "small_box_highlight": {
        "x": 292,
        "y": 405
    },
    "small_box_text": {
        "x": 292,
        "y": 405
    },
    "small_box_text_highlight": {
        "x": 292,
        "y": 405
    }
}
