{
  "border_hard": {
    "x": 327,
    "y": 132
  },
  "border_normal": {
    "x": 327,
    "y": 132
  },
  "border_easy": {
    "x": 327,
    "y": 132
  },
  "1p_unfilled_hard": {
    "x": 554,
    "y": 109
  },
  "1p_unfilled_normal": {
    "x": 554,
    "y": 109
  },
  "1p_unfilled_easy": {
    "x": 554,
    "y": 109
  },
  "2p_unfilled_hard": {
    "x": 554,
    "y": 109
  },
  "2p_unfilled_normal": {
    "x": 554,
    "y": 109
  },
  "2p_unfilled_easy": {
    "x": 554,
    "y": 109
  },
  "overlay_hard": {
    "x": 554,
    "y": 109
  },
  "overlay_normal": {
    "x": 554,
    "y": 109
  },
  "overlay_easy": {
    "x": 554,
    "y": 109
  },
  "rainbow_hard": {
    "x": 554,
    "y": 109
  },
  "rainbow_normal": {
    "x": 554,
    "y": 109
  },
  "rainbow_easy": {
    "x": 554,
    "y": 109
  },
  "clear": [
    {
      "x": 934,
      "y": 124
    },
    {
      "x": 1008,
      "y": 124
    },
    {
      "x": 1058,
      "y": 124
    }
  ],
  "clear_dark": [
    {
      "x": 934,
      "y": 124
    },
    {
      "x": 1008,
      "y": 124
    },
    {
      "x": 1058,
      "y": 124
    }
  ],
  "bar_clear_transition": {
    "x": 562,
    "y": 120
  },
  "bar_clear_top": {
    "x": 561,
    "y": 122
  },
  "bar_clear_bottom": {
    "x": 561,
    "y": 142
  },
  "1p_bar": {
    "x": 561,
    "y": 142
  },
  "2p_bar": {
    "x": 561,
    "y": 142
  },
  "bar_clear_transition_fade": {
    "x": 478,
    "y": 128
  },
  "bar_clear_fade": {
    "x": 478,
    "y": 130
  },
  "1p_bar_fade": {
    "x": 478,
    "y": 152
  },
  "2p_bar_fade": {
    "x": 478,
    "y": 152
  },
  "tamashii": {
    "x": 1182,
    "y": 115
  },
  "tamashii_dark": {
    "x": 1182,
    "y": 115
  },
  "hit_effect_circle": {
    "x": 1158,
    "y": 101
  },
  "hit_effect_circle_big": {
    "x": 1158,
    "y": 101
  },
  "hit_effect": {
    "x": 1223,
    "y": 164
  },
  "footer": {
    "x": 1185,
    "y": 116
  }
}
