{
    "unfilled": {
        "x": 554,
        "y": 109
    },
    "rainbow": {
        "x": 554,
        "y": 109
    },
    "bar_clear_transition": {
        "x": 562,
        "y": 120
    },
    "bar_clear_top": {
        "x": 561,
        "y": 122
    },
    "bar_clear_bottom": {
        "x": 561,
        "y": 142
    },
    "bar": {
        "x": 561,
        "y": 142
    },
    "overlay": {
        "x": 554,
        "y": 109
    },
    "footer": {
        "x": 1185,
        "y": 116
    },
    "clear": {
        "x": 1058,
        "y": 124
    },
    "clear_dark": {
        "x": 1058,
        "y": 124
    },
    "tamashii": {
        "x": 1182,
        "y": 115
    },
    "tamashii_dark": {
        "x": 1182,
        "y": 115
    }
}
