{
    "footer": {
        "x": 1,
        "y": 575
    },
    "footer_left": {
        "x": 1,
        "y": 601
    },
    "footer_right": {
        "x": 642,
        "y": 601
    },
    "box_top_left": {
        "x": 238,
        "y": 108
    },
    "box_top_right": {
        "x": 979,
        "y": 108
    },
    "box_bottom_left": {
        "x": 238,
        "y": 520
    },
    "box_bottom_right": {
        "x": 979,
        "y": 520
    },
    "box_top": {
        "x": 302,
        "y": 108,
        "x2": 677
    },
    "box_bottom": {
        "x": 302,
        "y": 520,
        "x2": 677
    },
    "box_left": {
        "x": 238,
        "y": 172,
        "y2": 348
    },
    "box_right": {
        "x": 979,
        "y": 172,
        "y2": 348
    },
    "box_center": {
        "x": 302,
        "y": 172,
        "x2": 677,
        "y2": 348
    },
    "question": {
        "x": 384,
        "y": 144
    },
    "1P": {
        "x": 261,
        "y": 400
    },
    "1P_highlight": {
        "x": 261,
        "y": 400
    },
    "2P": {
        "x": 762,
        "y": 400
    },
    "2P_highlight": {
        "x": 762,
        "y": 400
    },
    "cancel": {
        "x": 512,
        "y": 400
    },
    "cancel_highlight": {
        "x": 512,
        "y": 400
    },
    "cancel_text": {
        "x": 512,
        "y": 408
    },
    "cancel_outline": {
        "x": 512,
        "y": 400
    },
    "1P2P_outline": {
        "x": 261,
        "y": 400
    },
    "red_drum": {
        "x": 160,
        "y": 720
    },
    "blue_drum": {
        "x": 780,
        "y": 720
    },
    "cloud": {
        "x": 160,
        "y": 520
    }
}
