{
    "lane_background": {
        "x": 332,
        "y": 184,
        "x2": 948
    },
    "lane_hit_effect": {
        "x": 328,
        "y": 192,
        "x2": 951,
        "y2": 130
    },
    "lane_hit_circle": {
        "x": 342,
        "y": 184
    },
    "1p_lane_cover": {
        "x": 0,
        "y": 184
    },
    "2p_lane_cover": {
        "x": 0,
        "y": 184
    },
    "lane_score_cover": {
        "x": 0,
        "y": 184
    },
    "drum": {
        "x": 211,
        "y": 206
    },
    "auto_icon": {
        "x": 0,
        "y": 290
    },
    "1p_icon": {
        "x": 0,
        "y": 225
    },
    "2p_icon": {
        "x": 0,
        "y": 225
    },
    "lane_difficulty": {
        "x": 50,
        "y": 222
    },
    "drum_don_l": {
        "x": 211,
        "y": 206
    },
    "drum_don_r": {
        "x": 211,
        "y": 206
    },
    "drum_kat_l": {
        "x": 211,
        "y": 206
    },
    "drum_kat_r": {
        "x": 211,
        "y": 206
    },
    "score_number": {},
    "mod_shinuchi": {
        "x": 180,
        "y": 190
    },
    "mod_abekobe": {
        "x": 141,
        "y": 254
    },
    "mod_baisaku": {
        "x": 141,
        "y": 224
    },
    "mod_sanbai": {
        "x": 141,
        "y": 224
    },
    "mod_yonbai": {
        "x": 141,
        "y": 224
    },
    "mod_detarame": {
        "x": 171,
        "y": 254
    },
    "mod_kimagure": {
        "x": 171,
        "y": 254
    },
    "mod_doron": {
        "x": 171,
        "y": 224
    }
}
