{
    "lane_background": {
        "x": 332,
        "y": 184,
        "x2": 948
    },
    "lane_hit_effect": {
        "x": 328,
        "y": 192,
        "x2": 951,
        "y2": 130
    },
    "lane_hit_circle": {
        "x": 342,
        "y": 184
    },
    "lane_cover": {
        "x": 0,
        "y": 184
    },
    "lane_score_cover": {
        "x": 0,
        "y": 184
    },
    "drum": {
        "x": 211,
        "y": 206
    },
    "auto_icon": {
        "x": 0,
        "y": 290
    },
    "1p_icon": {
        "x": 0,
        "y": 225
    },
    "lane_difficulty": {
        "x": 50,
        "y": 222
    },
    "drum_don_l": {
        "x": 211,
        "y": 206
    },
    "drum_don_r": {
        "x": 211,
        "y": 206
    },
    "drum_kat_l": {
        "x": 211,
        "y": 206
    },
    "drum_kat_r": {
        "x": 211,
        "y": 206
    },
    "score_number": {}
}
