{
  "lane_background": [
    {
      "x": 332,
      "y": 184,
      "x2": 948
    },
    {
      "x": 332,
      "y": 360,
      "x2": 948
    }
  ],
  "lane_hit_effect": [
    {
      "x": 328,
      "y": 192,
      "x2": 951,
      "y2": 130
    },
    {
      "x": 328,
      "y": 368,
      "x2": 951,
      "y2": 130
    }
  ],
  "lane_hit_circle": [
    {
      "x": 342,
      "y": 184
    },
    {
      "x": 342,
      "y": 360
    }
  ],
  "1p_lane_cover": {
    "x": 0,
    "y": 184
  },
  "2p_lane_cover": [
    {
      "x": 0,
      "y": 184
    },
    {
      "x": 0,
      "y": 360
    }
  ],
  "lane_score_cover": [
    {
      "x": 0,
      "y": 184
    },
    {
      "x": 0,
      "y": 360
    }
  ],
  "drum": [
    {
      "x": 211,
      "y": 206
    },
    {
      "x": 211,
      "y": 382
    }
  ],
  "auto_icon": [
    {
      "x": 0,
      "y": 290
    },
    {
      "x": 0,
      "y": 467
    }
  ],
  "1p_icon": [
    {
      "x": 0,
      "y": 225
    },
    {
      "x": 0,
      "y": 401
    }
  ],
  "2p_icon": [
    {
      "x": 0,
      "y": 225
    },
    {
      "x": 0,
      "y": 401
    }
  ],
  "lane_difficulty": [
    {
      "x": 50,
      "y": 222
    },
    {
      "x": 50,
      "y": 398
    }
  ],
  "drum_don_l": [
    {
      "x": 211,
      "y": 206
    },
    {
      "x": 211,
      "y": 382
    }
  ],
  "drum_don_r": [
    {
      "x": 211,
      "y": 206
    },
    {
      "x": 211,
      "y": 382
    }
  ],
  "drum_kat_l": [
    {
      "x": 211,
      "y": 206
    },
    {
      "x": 211,
      "y": 382
    }
  ],
  "drum_kat_r": [
    {
      "x": 211,
      "y": 206
    },
    {
      "x": 211,
      "y": 382
    }
  ],
  "score_number": {},
  "mod_shinuchi": [
    {
      "x": 180,
      "y": 190
    },
    {
      "x": 180,
      "y": 367
    }
  ],
  "mod_abekobe": [
    {
      "x": 141,
      "y": 254
    },
    {
      "x": 141,
      "y": 367
    }
  ],
  "mod_baisaku": [
    {
      "x": 141,
      "y": 224
    },
    {
      "x": 141,
      "y": 367
    }
  ],
  "mod_sanbai": [
    {
      "x": 141,
      "y": 224
    },
    {
      "x": 141,
      "y": 367
    }
  ],
  "mod_yonbai": [
    {
      "x": 141,
      "y": 224
    },
    {
      "x": 141,
      "y": 367
    }
  ],
  "mod_detarame": [
    {
      "x": 171,
      "y": 254
    },
    {
      "x": 171,
      "y": 367
    }
  ],
  "mod_kimagure": [
    {
      "x": 171,
      "y": 254
    },
    {
      "x": 171,
      "y": 467
    }
  ],
  "mod_doron": [
    {
      "x": 171,
      "y": 224
    },
    {
      "x": 171,
      "y": 467
    }
  ]
}
