{
    "1p_outline": {
        "x": 461,
        "y": 132
    },
    "1p_outline_back": {
        "x": 314,
        "y": 110
    },
    "2p_outline": {
        "x": 461,
        "y": 132
    },
    "2p_outline_back": {
        "x": 314,
        "y": 110
    },
    "1p_balloon": {
        "x": 450,
        "y": 7
    },
    "2p_balloon": {
        "x": 450,
        "y": 7
    },
    "diff_tower": {
        "x": 450,
        "y": 90
    },
    "diff_tower_shadow": {
        "x": 450,
        "y": 90
    },
    "back": {
        "x": 314,
        "y": 110
    },
    "ura_oni_plate": {
        "x": 807,
        "y": 130
    },
    "ura_switch": {
        "x": 815,
        "y": 134
    }
}
