{
    "judge_bad": {
        "x": 370
    },
    "judge_ok": {
        "x": 370
    },
    "judge_good": {
        "x": 370
    },
    "hit_effect_good_big": {
        "x": 342,
        "y": 184
    },
    "outer_good_big": {
        "x": 304,
        "y": 143
    },
    "hit_effect_good": {
        "x": 342,
        "y": 184
    },
    "hit_effect_ok": {
        "x": 342,
        "y": 184
    },
    "outer_good": {
        "x": 304,
        "y": 143
    },
    "outer_ok": {
        "x": 304,
        "y": 143
    },
    "hit_effect_ok_big": {
        "x": 342,
        "y": 184
    },
    "outer_ok_big": {
        "x": 304,
        "y": 143
    }
}
