{
    "background": {
        "x": -8,
        "y": 433
    },
    "title": {
        "x": 67,
        "y": 442
    },
    "normal": {
        "x": 23,
        "y": 491
    },
    "normal_ura": {
        "x": 23,
        "y": 491
    },
    "shinuchi": {
        "x": 23,
        "y": 542
    },
    "shinuchi_ura": {
        "x": 23,
        "y": 542
    },
    "pts": {
        "x": 202,
        "y": 495
    },
    "counter": {
        "x": 150,
        "y": 495
    },
    "difficulty": {
        "x": 58,
        "y": 495
    },
    "ura": {
        "x": 26,
        "y": 495
    }
}
