{
  "border_hard": {
    "x": 327,
    "y": 132
  },
  "border_normal": {
    "x": 327,
    "y": 132
  },
  "border_easy": {
    "x": 327,
    "y": 132
  },
  "1p_unfilled_hard": {
    "x": 483,
    "y": 124
  },
  "1p_unfilled_normal": {
    "x": 483,
    "y": 124
  },
  "1p_unfilled_easy": {
    "x": 483,
    "y": 124
  },
  "2p_unfilled_hard": {
    "x": 483,
    "y": 124
  },
  "2p_unfilled_normal": {
    "x": 483,
    "y": 124
  },
  "2p_unfilled_easy": {
    "x": 483,
    "y": 124
  },
  "overlay_hard": {
    "x": 483,
    "y": 124
  },
  "overlay_normal": {
    "x": 483,
    "y": 124
  },
  "overlay_easy": {
    "x": 483,
    "y": 124
  },
  "rainbow_hard": {
    "x": 483,
    "y": 124
  },
  "rainbow_normal": {
    "x": 483,
    "y": 124
  },
  "rainbow_easy": {
    "x": 483,
    "y": 124
  },
  "clear": [
    {
      "x": 898,
      "y": 141
    },
    {
      "x": 968,
      "y": 141
    },
    {
      "x": 1038,
      "y": 141
    }
  ],
  "clear_dark": [
    {
      "x": 898,
      "y": 141
    },
    {
      "x": 968,
      "y": 141
    },
    {
      "x": 1038,
      "y": 141
    }
  ],
  "bar_clear_transition": {
    "x": 491,
    "y": 136
  },
  "bar_clear_top": {
    "x": 493,
    "y": 138
  },
  "bar_clear_bottom": {
    "x": 493,
    "y": 160
  },
  "1p_bar": {
    "x": 491,
    "y": 160
  },
  "2p_bar": {
    "x": 491,
    "y": 160
  },
  "bar_clear_transition_fade": {
    "x": 478,
    "y": 128
  },
  "bar_clear_fade": {
    "x": 478,
    "y": 130
  },
  "1p_bar_fade": {
    "x": 478,
    "y": 152
  },
  "2p_bar_fade": {
    "x": 478,
    "y": 152
  },
  "tamashii": {
    "x": 1187,
    "y": 130
  },
  "tamashii_dark": {
    "x": 1187,
    "y": 130
  },
  "hit_effect_circle": {
    "x": 1158,
    "y": 101
  },
  "hit_effect_circle_big": {
    "x": 1158,
    "y": 101
  },
  "hit_effect": {
    "x": 1223,
    "y": 164
  }
}
