{
    "border": {
        "x": 327,
        "y": 132
    },
    "unfilled": {
        "x": 483,
        "y": 124
    },
    "overlay": {
        "x": 483,
        "y": 124
    },
    "rainbow": {
        "x": 483,
        "y": 124
    },
    "clear": {
        "x": 1038,
        "y": 141
    },
    "clear_dark": {
        "x": 1038,
        "y": 141
    },
    "bar_clear_transition": {
        "x": 491,
        "y": 136
    },
    "bar_clear_top": {
        "x": 493,
        "y": 138
    },
    "bar_clear_bottom": {
        "x": 493,
        "y": 160
    },
    "bar": {
        "x": 491,
        "y": 160
    },
    "bar_clear_transition_fade": {
        "x": 478,
        "y": 128
    },
    "bar_clear_fade": {
        "x": 478,
        "y": 130
    },
    "bar_fade": {
        "x": 478,
        "y": 152
    },
    "tamashii": {
        "x": 1187,
        "y": 130
    },
    "tamashii_dark": {
        "x": 1187,
        "y": 130
    },
    "hit_effect_circle": {
        "x": 1158,
        "y": 101
    },
    "hit_effect_circle_big": {
        "x": 1158,
        "y": 101
    },
    "hit_effect": {
        "x": 1223,
        "y": 164
    }
}
